{"mdsDat": {"x": [-0.2096899775155462, 0.09205185646394468, 0.16640544654744138, -0.16480432676857434, 0.13182547912212034, 0.015163004669178254, -0.007733025993035729, -0.007740901428360343, -0.007740814700529605, -0.007736740396638172], "y": [0.10564775284540247, -0.037885031056676684, 0.08828295405346412, -0.029586728650389096, 0.07147520432697275, -0.2130907567891, 0.003790009384324971, 0.003788383312501559, 0.0037891128910692994, 0.0037890996824306226], "topics": [1, 2, 3, 4, 5, 6, 7, 8, 9, 10], "cluster": [1, 1, 1, 1, 1, 1, 1, 1, 1, 1], "Freq": [21.077173233032227, 20.018007278442383, 13.585111618041992, 13.318644523620605, 12.82196044921875, 10.042804718017578, 2.284074544906616, 2.284074544906616, 2.284074544906616, 2.284074544906616]}, "tinfo": {"Term": ["trees", "graph", "human", "user", "minors", "survey", "time", "response", "eps", "interface", "system", "computer", "human", "system", "computer", "eps", "interface", "time", "response", "survey", "minors", "user", "trees", "graph", "trees", "response", "time", "computer", "survey", "minors", "user", "graph", "system", "interface", "eps", "human", "minors", "survey", "graph", "response", "time", "computer", "interface", "eps", "human", "user", "trees", "system", "interface", "eps", "user", "system", "response", "time", "computer", "survey", "minors", "human", "trees", "graph", "trees", "graph", "response", "time", "computer", "minors", "survey", "interface", "eps", "human", "user", "system", "time", "response", "user", "computer", "minors", "survey", "interface", "eps", "human", "trees", "graph", "system", "response", "time", "computer", "minors", "survey", "eps", "interface", "human", "user", "trees", "graph", "system", "response", "time", "computer", "minors", "survey", "interface", "eps", "human", "user", "trees", "graph", "system", "response", "time", "computer", "minors", "survey", "eps", "interface", "human", "user", "trees", "graph", "system", "time", "response", "computer", "minors", "survey", "eps", "interface", "human", "user", "trees", "graph", "system"], "Freq": [2.0, 3.0, 2.0, 2.0, 2.0, 2.0, 1.0, 1.0, 2.0, 2.0, 3.0, 1.0, 1.5652828216552734, 1.565342664718628, 0.8199268579483032, 0.8199458122253418, 0.8199246525764465, 0.07455535978078842, 0.07455350458621979, 0.07455743849277496, 0.07455610483884811, 0.07456019520759583, 0.07460377365350723, 0.07457072287797928, 1.0882956981658936, 0.5701815485954285, 0.5701722502708435, 0.5701725482940674, 0.5701849460601807, 0.5701438188552856, 0.5701783299446106, 0.5701675415039062, 0.5701905488967896, 0.051844775676727295, 0.0518440306186676, 0.05184607580304146, 1.0317761898040771, 1.0317282676696777, 1.0317527055740356, 0.09381426125764847, 0.09381299465894699, 0.09381657093763351, 0.09381923824548721, 0.0938175767660141, 0.09382639825344086, 0.0938287004828453, 0.09385978430509567, 0.09382948279380798, 0.81700599193573, 0.8169894218444824, 0.8170308470726013, 0.8169989585876465, 0.07428762316703796, 0.07428547739982605, 0.07428872585296631, 0.07428795099258423, 0.07428762316703796, 0.0742984190583229, 0.07433980703353882, 0.07430586218833923, 1.2780841588974, 1.2780578136444092, 0.11621992290019989, 0.11621499806642532, 0.11622197180986404, 0.11622276157140732, 0.11622123420238495, 0.11621931195259094, 0.1162189394235611, 0.11622899025678635, 0.11622680723667145, 0.11623144149780273, 0.762736439704895, 0.762712299823761, 0.7627026438713074, 0.06935395300388336, 0.06935862451791763, 0.06935196369886398, 0.06935665011405945, 0.06935235857963562, 0.06935989856719971, 0.06939876079559326, 0.06936755031347275, 0.06936212629079819, 0.05519390106201172, 0.05519203096628189, 0.05519123375415802, 0.05519562587141991, 0.05519383028149605, 0.05519506707787514, 0.055193837732076645, 0.05519353598356247, 0.05519562587141991, 0.05523635074496269, 0.0552053228020668, 0.05519529804587364, 0.055193573236465454, 0.05519196391105652, 0.05519406497478485, 0.055195312947034836, 0.0551929734647274, 0.055196817964315414, 0.0551949180662632, 0.055194929242134094, 0.05519898980855942, 0.05522233247756958, 0.05520404502749443, 0.055201735347509384, 0.055195506662130356, 0.0551920011639595, 0.05519390106201172, 0.05519801378250122, 0.05519339069724083, 0.05519567430019379, 0.05519332364201546, 0.055197928100824356, 0.05519731715321541, 0.05521614849567413, 0.05520571395754814, 0.055202700197696686, 0.05519348382949829, 0.05519247055053711, 0.05519316345453262, 0.05519399046897888, 0.05519205331802368, 0.05519402399659157, 0.05519405007362366, 0.055194199085235596, 0.05519823729991913, 0.05522844195365906, 0.055207498371601105, 0.05520003288984299], "Total": [2.0, 3.0, 2.0, 2.0, 2.0, 2.0, 1.0, 1.0, 2.0, 2.0, 3.0, 1.0, 2.1916229724884033, 3.4527552127838135, 1.9645529985427856, 2.1889476776123047, 2.1889488697052, 1.9125468730926514, 1.9125444889068604, 2.157104015350342, 2.157127857208252, 2.6553173065185547, 2.8994853496551514, 3.319045305252075, 2.8994853496551514, 1.9125444889068604, 1.9125468730926514, 1.9645529985427856, 2.157104015350342, 2.157127857208252, 2.6553173065185547, 3.319045305252075, 3.4527552127838135, 2.1889488697052, 2.1889476776123047, 2.1916229724884033, 2.157127857208252, 2.157104015350342, 3.319045305252075, 1.9125444889068604, 1.9125468730926514, 1.9645529985427856, 2.1889488697052, 2.1889476776123047, 2.1916229724884033, 2.6553173065185547, 2.8994853496551514, 3.4527552127838135, 2.1889488697052, 2.1889476776123047, 2.6553173065185547, 3.4527552127838135, 1.9125444889068604, 1.9125468730926514, 1.9645529985427856, 2.157104015350342, 2.157127857208252, 2.1916229724884033, 2.8994853496551514, 3.319045305252075, 2.8994853496551514, 3.319045305252075, 1.9125444889068604, 1.9125468730926514, 1.9645529985427856, 2.157127857208252, 2.157104015350342, 2.1889488697052, 2.1889476776123047, 2.1916229724884033, 2.6553173065185547, 3.4527552127838135, 1.9125468730926514, 1.9125444889068604, 2.6553173065185547, 1.9645529985427856, 2.157127857208252, 2.157104015350342, 2.1889488697052, 2.1889476776123047, 2.1916229724884033, 2.8994853496551514, 3.319045305252075, 3.4527552127838135, 1.9125444889068604, 1.9125468730926514, 1.9645529985427856, 2.157127857208252, 2.157104015350342, 2.1889476776123047, 2.1889488697052, 2.1916229724884033, 2.6553173065185547, 2.8994853496551514, 3.319045305252075, 3.4527552127838135, 1.9125444889068604, 1.9125468730926514, 1.9645529985427856, 2.157127857208252, 2.157104015350342, 2.1889488697052, 2.1889476776123047, 2.1916229724884033, 2.6553173065185547, 2.8994853496551514, 3.319045305252075, 3.4527552127838135, 1.9125444889068604, 1.9125468730926514, 1.9645529985427856, 2.157127857208252, 2.157104015350342, 2.1889476776123047, 2.1889488697052, 2.1916229724884033, 2.6553173065185547, 2.8994853496551514, 3.319045305252075, 3.4527552127838135, 1.9125468730926514, 1.9125444889068604, 1.9645529985427856, 2.157127857208252, 2.157104015350342, 2.1889476776123047, 2.1889488697052, 2.1916229724884033, 2.6553173065185547, 2.8994853496551514, 3.319045305252075, 3.4527552127838135],